image_path,model_name
dataset/000/0000.jpg,honda-civic
dataset/000/0001.jpg,honda-civic
dataset/000/0003.jpg,honda-civic
dataset/000/0004.jpg,honda-civic
dataset/000/0006.jpg,honda-civic
dataset/000/0007.jpg,honda-civic
dataset/000/0009.jpg,honda-civic
dataset/000/0010.jpg,honda-civic
dataset/000/0012.jpg,honda-civic
dataset/000/0013.jpg,honda-civic
dataset/000/0015.jpg,honda-civic
dataset/000/0016.jpg,honda-civic
dataset/000/0018.jpg,honda-civic
dataset/000/0019.jpg,honda-civic
dataset/000/0021.jpg,honda-civic
dataset/000/0022.jpg,honda-civic
dataset/000/0024.jpg,honda-civic
dataset/000/0025.jpg,honda-civic
dataset/000/0027.jpg,honda-civic
dataset/000/0028.jpg,honda-civic
dataset/000/0030.jpg,honda-civic
dataset/000/0031.jpg,honda-civic
dataset/000/0033.jpg,honda-civic
dataset/000/0034.jpg,honda-civic
dataset/000/0036.jpg,honda-civic
dataset/000/0037.jpg,honda-civic
dataset/000/0039.jpg,honda-civic
dataset/000/0040.jpg,honda-civic
dataset/000/0042.jpg,honda-civic
dataset/000/0043.jpg,honda-civic
dataset/000/0045.jpg,honda-civic
dataset/000/0046.jpg,honda-civic
dataset/000/0048.jpg,honda-civic
dataset/000/0049.jpg,honda-civic
dataset/000/0051.jpg,honda-civic
dataset/000/0052.jpg,honda-civic
dataset/000/0054.jpg,honda-civic
dataset/000/0055.jpg,honda-civic
dataset/000/0057.jpg,honda-civic
dataset/000/0058.jpg,honda-civic
dataset/000/0060.jpg,honda-civic
dataset/000/0061.jpg,honda-civic
dataset/000/0063.jpg,honda-civic
dataset/000/0064.jpg,honda-civic
dataset/000/0066.jpg,honda-civic
dataset/000/0067.jpg,honda-civic
dataset/000/0069.jpg,honda-civic
dataset/000/0070.jpg,honda-civic
dataset/000/0072.jpg,honda-civic
dataset/000/0073.jpg,honda-civic
dataset/000/0075.jpg,honda-civic
dataset/000/0076.jpg,honda-civic
dataset/000/0078.jpg,honda-civic
dataset/000/0079.jpg,honda-civic
dataset/000/0081.jpg,honda-civic
dataset/000/0082.jpg,honda-civic
dataset/000/0084.jpg,honda-civic
dataset/000/0085.jpg,honda-civic
dataset/000/0087.jpg,honda-civic
dataset/000/0088.jpg,honda-civic
dataset/000/0090.jpg,honda-civic
dataset/000/0091.jpg,honda-civic
dataset/000/0093.jpg,honda-civic
dataset/000/0094.jpg,honda-civic
dataset/000/0096.jpg,honda-civic
dataset/000/0097.jpg,honda-civic
dataset/000/0099.jpg,honda-civic
dataset/000/0100.jpg,honda-civic
dataset/000/0102.jpg,honda-civic
dataset/000/0103.jpg,honda-civic
dataset/000/0105.jpg,honda-civic
dataset/000/0106.jpg,honda-civic
dataset/000/0108.jpg,honda-civic
dataset/000/0109.jpg,honda-civic
dataset/000/0111.jpg,honda-civic
dataset/000/0112.jpg,honda-civic
dataset/000/0114.jpg,honda-civic
dataset/000/0115.jpg,honda-civic
dataset/000/0117.jpg,honda-civic
dataset/000/0118.jpg,honda-civic
dataset/000/0120.jpg,honda-civic
dataset/000/0121.jpg,honda-civic
dataset/000/0123.jpg,honda-civic
dataset/000/0124.jpg,honda-civic
dataset/000/0126.jpg,honda-civic
dataset/000/0127.jpg,honda-civic
dataset/000/0129.jpg,honda-civic
dataset/000/0130.jpg,honda-civic
dataset/000/0132.jpg,honda-civic
dataset/000/0133.jpg,honda-civic
dataset/000/0135.jpg,honda-civic
dataset/000/0136.jpg,honda-civic
dataset/000/0138.jpg,honda-civic
dataset/000/0139.jpg,honda-civic
dataset/000/0141.jpg,honda-civic
dataset/000/0142.jpg,honda-civic
dataset/000/0144.jpg,honda-civic
dataset/000/0145.jpg,honda-civic
dataset/000/0147.jpg,honda-civic
dataset/000/0148.jpg,honda-civic
dataset/000/0150.jpg,honda-civic
dataset/000/0151.jpg,honda-civic
dataset/000/0153.jpg,honda-civic
dataset/000/0154.jpg,honda-civic
dataset/000/0156.jpg,honda-civic
dataset/000/0157.jpg,honda-civic
dataset/000/0159.jpg,honda-civic
dataset/000/0160.jpg,honda-civic
dataset/000/0162.jpg,honda-civic
dataset/000/0163.jpg,honda-civic
dataset/000/0165.jpg,honda-civic
dataset/000/0166.jpg,honda-civic
dataset/000/0168.jpg,honda-civic
dataset/000/0169.jpg,honda-civic
dataset/000/0171.jpg,honda-civic
dataset/000/0172.jpg,honda-civic
dataset/000/0174.jpg,honda-civic
dataset/000/0175.jpg,honda-civic
dataset/000/0177.jpg,honda-civic
dataset/000/0178.jpg,honda-civic
dataset/000/0180.jpg,honda-civic
dataset/000/0181.jpg,honda-civic
dataset/000/0183.jpg,honda-civic
dataset/000/0184.jpg,honda-civic
dataset/000/0186.jpg,honda-civic
dataset/000/0187.jpg,honda-civic
dataset/000/0189.jpg,honda-civic
dataset/000/0190.jpg,honda-civic
dataset/000/0192.jpg,honda-civic
dataset/000/0193.jpg,honda-civic
dataset/000/0195.jpg,honda-civic
dataset/000/0196.jpg,honda-civic
dataset/000/0198.jpg,honda-civic
dataset/000/0199.jpg,honda-civic
dataset/000/0201.jpg,honda-civic
dataset/000/0202.jpg,honda-civic
dataset/000/0204.jpg,honda-civic
dataset/000/0205.jpg,honda-civic
dataset/000/0207.jpg,honda-civic
dataset/000/0208.jpg,honda-civic
dataset/000/0210.jpg,honda-civic
dataset/000/0211.jpg,honda-civic
dataset/000/0213.jpg,honda-civic
dataset/000/0214.jpg,honda-civic
dataset/000/0216.jpg,honda-civic
dataset/000/0217.jpg,honda-civic
dataset/000/0219.jpg,honda-civic
dataset/000/0220.jpg,honda-civic
dataset/000/0222.jpg,honda-civic
dataset/000/0223.jpg,honda-civic
dataset/000/0225.jpg,honda-civic
dataset/000/0226.jpg,honda-civic
dataset/000/0228.jpg,honda-civic
dataset/000/0229.jpg,honda-civic
dataset/000/0231.jpg,honda-civic
dataset/000/0232.jpg,honda-civic
dataset/000/0234.jpg,honda-civic
dataset/000/0235.jpg,honda-civic
dataset/000/0237.jpg,honda-civic
dataset/000/0238.jpg,honda-civic
dataset/000/0240.jpg,honda-civic
dataset/000/0241.jpg,honda-civic
dataset/000/0243.jpg,honda-civic
dataset/000/0244.jpg,honda-civic
dataset/000/0246.jpg,honda-civic
dataset/000/0247.jpg,honda-civic
dataset/000/0249.jpg,honda-civic
dataset/000/0250.jpg,honda-civic
dataset/000/0252.jpg,honda-civic
dataset/000/0253.jpg,honda-civic
dataset/000/0255.jpg,honda-civic
dataset/000/0256.jpg,honda-civic
dataset/000/0258.jpg,honda-civic
dataset/000/0259.jpg,honda-civic
dataset/000/0261.jpg,honda-civic
dataset/000/0262.jpg,honda-civic
dataset/000/0264.jpg,honda-civic
dataset/000/0265.jpg,honda-civic
dataset/000/0267.jpg,honda-civic
dataset/000/0268.jpg,honda-civic
dataset/000/0270.jpg,honda-civic
dataset/000/0271.jpg,honda-civic
dataset/000/0273.jpg,honda-civic
dataset/000/0274.jpg,honda-civic
dataset/000/0276.jpg,honda-civic
dataset/000/0277.jpg,honda-civic
dataset/000/0279.jpg,honda-civic
dataset/000/0280.jpg,honda-civic
dataset/000/0282.jpg,honda-civic
dataset/000/0283.jpg,honda-civic
dataset/000/0285.jpg,honda-civic
dataset/000/0286.jpg,honda-civic
dataset/000/0288.jpg,honda-civic
dataset/000/0289.jpg,honda-civic
dataset/000/0291.jpg,honda-civic
dataset/000/0292.jpg,honda-civic
dataset/000/0294.jpg,honda-civic
dataset/000/0295.jpg,honda-civic
dataset/000/0297.jpg,honda-civic
dataset/000/0298.jpg,honda-civic
dataset/000/0300.jpg,honda-civic
dataset/000/0301.jpg,honda-civic
dataset/000/0303.jpg,honda-civic
dataset/000/0304.jpg,honda-civic
dataset/000/0306.jpg,honda-civic
dataset/000/0307.jpg,honda-civic
dataset/000/0309.jpg,honda-civic
dataset/000/0310.jpg,honda-civic
dataset/000/0312.jpg,honda-civic
dataset/000/0313.jpg,honda-civic
dataset/000/0315.jpg,honda-civic
dataset/000/0316.jpg,honda-civic
dataset/000/0318.jpg,honda-civic
dataset/000/0319.jpg,honda-civic
dataset/000/0321.jpg,honda-civic
dataset/000/0322.jpg,honda-civic
dataset/000/0324.jpg,honda-civic
dataset/000/0325.jpg,honda-civic
dataset/000/0327.jpg,honda-civic
dataset/000/0328.jpg,honda-civic
dataset/000/0330.jpg,honda-civic
dataset/000/0331.jpg,honda-civic
dataset/000/0333.jpg,honda-civic
dataset/000/0334.jpg,honda-civic
dataset/000/0336.jpg,honda-civic
dataset/000/0337.jpg,honda-civic
dataset/000/0339.jpg,honda-civic
dataset/000/0340.jpg,honda-civic
dataset/000/0342.jpg,honda-civic
dataset/000/0343.jpg,honda-civic
dataset/000/0345.jpg,honda-civic
dataset/000/0346.jpg,honda-civic
dataset/000/0348.jpg,honda-civic
dataset/000/0349.jpg,honda-civic
dataset/000/0351.jpg,honda-civic
dataset/000/0352.jpg,honda-civic
dataset/000/0354.jpg,honda-civic
dataset/000/0355.jpg,honda-civic
dataset/000/0357.jpg,honda-civic
dataset/000/0358.jpg,honda-civic
dataset/001/0000.jpg,mitsubishi-l200
dataset/001/0001.jpg,mitsubishi-l200
dataset/001/0003.jpg,mitsubishi-l200
dataset/001/0004.jpg,mitsubishi-l200
dataset/001/0006.jpg,mitsubishi-l200
dataset/001/0007.jpg,mitsubishi-l200
dataset/001/0009.jpg,mitsubishi-l200
dataset/001/0010.jpg,mitsubishi-l200
dataset/001/0012.jpg,mitsubishi-l200
dataset/001/0013.jpg,mitsubishi-l200
dataset/001/0015.jpg,mitsubishi-l200
dataset/001/0016.jpg,mitsubishi-l200
dataset/001/0018.jpg,mitsubishi-l200
dataset/001/0019.jpg,mitsubishi-l200
dataset/001/0021.jpg,mitsubishi-l200
dataset/001/0022.jpg,mitsubishi-l200
dataset/001/0024.jpg,mitsubishi-l200
dataset/001/0025.jpg,mitsubishi-l200
dataset/001/0027.jpg,mitsubishi-l200
dataset/001/0028.jpg,mitsubishi-l200
dataset/001/0030.jpg,mitsubishi-l200
dataset/001/0031.jpg,mitsubishi-l200
dataset/001/0033.jpg,mitsubishi-l200
dataset/001/0034.jpg,mitsubishi-l200
dataset/001/0036.jpg,mitsubishi-l200
dataset/001/0037.jpg,mitsubishi-l200
dataset/001/0039.jpg,mitsubishi-l200
dataset/001/0040.jpg,mitsubishi-l200
dataset/001/0042.jpg,mitsubishi-l200
dataset/001/0043.jpg,mitsubishi-l200
dataset/001/0045.jpg,mitsubishi-l200
dataset/001/0046.jpg,mitsubishi-l200
dataset/001/0048.jpg,mitsubishi-l200
dataset/001/0049.jpg,mitsubishi-l200
dataset/001/0051.jpg,mitsubishi-l200
dataset/001/0052.jpg,mitsubishi-l200
dataset/001/0054.jpg,mitsubishi-l200
dataset/001/0055.jpg,mitsubishi-l200
dataset/001/0057.jpg,mitsubishi-l200
dataset/001/0058.jpg,mitsubishi-l200
dataset/001/0060.jpg,mitsubishi-l200
dataset/001/0061.jpg,mitsubishi-l200
dataset/001/0063.jpg,mitsubishi-l200
dataset/001/0064.jpg,mitsubishi-l200
dataset/001/0066.jpg,mitsubishi-l200
dataset/001/0067.jpg,mitsubishi-l200
dataset/001/0069.jpg,mitsubishi-l200
dataset/001/0070.jpg,mitsubishi-l200
dataset/001/0072.jpg,mitsubishi-l200
dataset/001/0073.jpg,mitsubishi-l200
dataset/001/0075.jpg,mitsubishi-l200
dataset/001/0076.jpg,mitsubishi-l200
dataset/001/0078.jpg,mitsubishi-l200
dataset/001/0079.jpg,mitsubishi-l200
dataset/001/0081.jpg,mitsubishi-l200
dataset/001/0082.jpg,mitsubishi-l200
dataset/001/0084.jpg,mitsubishi-l200
dataset/001/0085.jpg,mitsubishi-l200
dataset/001/0087.jpg,mitsubishi-l200
dataset/001/0088.jpg,mitsubishi-l200
dataset/001/0090.jpg,mitsubishi-l200
dataset/001/0091.jpg,mitsubishi-l200
dataset/001/0093.jpg,mitsubishi-l200
dataset/001/0094.jpg,mitsubishi-l200
dataset/001/0096.jpg,mitsubishi-l200
dataset/001/0097.jpg,mitsubishi-l200
dataset/001/0099.jpg,mitsubishi-l200
dataset/001/0100.jpg,mitsubishi-l200
dataset/001/0102.jpg,mitsubishi-l200
dataset/001/0103.jpg,mitsubishi-l200
dataset/001/0105.jpg,mitsubishi-l200
dataset/001/0106.jpg,mitsubishi-l200
dataset/001/0108.jpg,mitsubishi-l200
dataset/001/0109.jpg,mitsubishi-l200
dataset/001/0111.jpg,mitsubishi-l200
dataset/001/0112.jpg,mitsubishi-l200
dataset/001/0114.jpg,mitsubishi-l200
dataset/001/0115.jpg,mitsubishi-l200
dataset/001/0117.jpg,mitsubishi-l200
dataset/001/0118.jpg,mitsubishi-l200
dataset/001/0120.jpg,mitsubishi-l200
dataset/001/0121.jpg,mitsubishi-l200
dataset/001/0123.jpg,mitsubishi-l200
dataset/001/0124.jpg,mitsubishi-l200
dataset/001/0126.jpg,mitsubishi-l200
dataset/001/0127.jpg,mitsubishi-l200
dataset/001/0129.jpg,mitsubishi-l200
dataset/001/0130.jpg,mitsubishi-l200
dataset/001/0132.jpg,mitsubishi-l200
dataset/001/0133.jpg,mitsubishi-l200
dataset/001/0135.jpg,mitsubishi-l200
dataset/001/0136.jpg,mitsubishi-l200
dataset/001/0138.jpg,mitsubishi-l200
dataset/001/0139.jpg,mitsubishi-l200
dataset/001/0141.jpg,mitsubishi-l200
dataset/001/0142.jpg,mitsubishi-l200
dataset/001/0144.jpg,mitsubishi-l200
dataset/001/0145.jpg,mitsubishi-l200
dataset/001/0147.jpg,mitsubishi-l200
dataset/001/0148.jpg,mitsubishi-l200
dataset/001/0150.jpg,mitsubishi-l200
dataset/001/0151.jpg,mitsubishi-l200
dataset/001/0153.jpg,mitsubishi-l200
dataset/001/0154.jpg,mitsubishi-l200
dataset/001/0156.jpg,mitsubishi-l200
dataset/001/0157.jpg,mitsubishi-l200
dataset/001/0159.jpg,mitsubishi-l200
dataset/001/0160.jpg,mitsubishi-l200
dataset/001/0162.jpg,mitsubishi-l200
dataset/001/0163.jpg,mitsubishi-l200
dataset/001/0165.jpg,mitsubishi-l200
dataset/001/0166.jpg,mitsubishi-l200
dataset/001/0168.jpg,mitsubishi-l200
dataset/001/0169.jpg,mitsubishi-l200
dataset/001/0171.jpg,mitsubishi-l200
dataset/001/0172.jpg,mitsubishi-l200
dataset/001/0174.jpg,mitsubishi-l200
dataset/001/0175.jpg,mitsubishi-l200
dataset/001/0177.jpg,mitsubishi-l200
dataset/001/0178.jpg,mitsubishi-l200
dataset/001/0180.jpg,mitsubishi-l200
dataset/001/0181.jpg,mitsubishi-l200
dataset/001/0183.jpg,mitsubishi-l200
dataset/001/0184.jpg,mitsubishi-l200
dataset/001/0186.jpg,mitsubishi-l200
dataset/001/0187.jpg,mitsubishi-l200
dataset/001/0189.jpg,mitsubishi-l200
dataset/001/0190.jpg,mitsubishi-l200
dataset/001/0192.jpg,mitsubishi-l200
dataset/001/0193.jpg,mitsubishi-l200
dataset/001/0195.jpg,mitsubishi-l200
dataset/001/0196.jpg,mitsubishi-l200
dataset/001/0198.jpg,mitsubishi-l200
dataset/001/0199.jpg,mitsubishi-l200
dataset/001/0201.jpg,mitsubishi-l200
dataset/001/0202.jpg,mitsubishi-l200
dataset/001/0204.jpg,mitsubishi-l200
dataset/001/0205.jpg,mitsubishi-l200
dataset/001/0207.jpg,mitsubishi-l200
dataset/001/0208.jpg,mitsubishi-l200
dataset/001/0210.jpg,mitsubishi-l200
dataset/001/0211.jpg,mitsubishi-l200
dataset/001/0213.jpg,mitsubishi-l200
dataset/001/0214.jpg,mitsubishi-l200
dataset/001/0216.jpg,mitsubishi-l200
dataset/001/0217.jpg,mitsubishi-l200
dataset/001/0219.jpg,mitsubishi-l200
dataset/001/0220.jpg,mitsubishi-l200
dataset/001/0222.jpg,mitsubishi-l200
dataset/001/0223.jpg,mitsubishi-l200
dataset/001/0225.jpg,mitsubishi-l200
dataset/001/0226.jpg,mitsubishi-l200
dataset/001/0228.jpg,mitsubishi-l200
dataset/001/0229.jpg,mitsubishi-l200
dataset/001/0231.jpg,mitsubishi-l200
dataset/001/0232.jpg,mitsubishi-l200
dataset/001/0234.jpg,mitsubishi-l200
dataset/001/0235.jpg,mitsubishi-l200
dataset/001/0237.jpg,mitsubishi-l200
dataset/001/0238.jpg,mitsubishi-l200
dataset/001/0240.jpg,mitsubishi-l200
dataset/001/0241.jpg,mitsubishi-l200
dataset/001/0243.jpg,mitsubishi-l200
dataset/001/0244.jpg,mitsubishi-l200
dataset/001/0246.jpg,mitsubishi-l200
dataset/001/0247.jpg,mitsubishi-l200
dataset/001/0249.jpg,mitsubishi-l200
dataset/001/0250.jpg,mitsubishi-l200
dataset/001/0252.jpg,mitsubishi-l200
dataset/001/0253.jpg,mitsubishi-l200
dataset/001/0255.jpg,mitsubishi-l200
dataset/001/0256.jpg,mitsubishi-l200
dataset/001/0258.jpg,mitsubishi-l200
dataset/001/0259.jpg,mitsubishi-l200
dataset/001/0261.jpg,mitsubishi-l200
dataset/001/0262.jpg,mitsubishi-l200
dataset/001/0264.jpg,mitsubishi-l200
dataset/001/0265.jpg,mitsubishi-l200
dataset/001/0267.jpg,mitsubishi-l200
dataset/001/0268.jpg,mitsubishi-l200
dataset/001/0270.jpg,mitsubishi-l200
dataset/001/0271.jpg,mitsubishi-l200
dataset/001/0273.jpg,mitsubishi-l200
dataset/001/0274.jpg,mitsubishi-l200
dataset/001/0276.jpg,mitsubishi-l200
dataset/001/0277.jpg,mitsubishi-l200
dataset/001/0279.jpg,mitsubishi-l200
dataset/001/0280.jpg,mitsubishi-l200
dataset/001/0282.jpg,mitsubishi-l200
dataset/001/0283.jpg,mitsubishi-l200
dataset/001/0285.jpg,mitsubishi-l200
dataset/001/0286.jpg,mitsubishi-l200
dataset/001/0288.jpg,mitsubishi-l200
dataset/001/0289.jpg,mitsubishi-l200
dataset/001/0291.jpg,mitsubishi-l200
dataset/001/0292.jpg,mitsubishi-l200
dataset/001/0294.jpg,mitsubishi-l200
dataset/001/0295.jpg,mitsubishi-l200
dataset/001/0297.jpg,mitsubishi-l200
dataset/001/0298.jpg,mitsubishi-l200
dataset/001/0300.jpg,mitsubishi-l200
dataset/001/0301.jpg,mitsubishi-l200
dataset/001/0303.jpg,mitsubishi-l200
dataset/001/0304.jpg,mitsubishi-l200
dataset/001/0306.jpg,mitsubishi-l200
dataset/001/0307.jpg,mitsubishi-l200
dataset/001/0309.jpg,mitsubishi-l200
dataset/001/0310.jpg,mitsubishi-l200
dataset/001/0312.jpg,mitsubishi-l200
dataset/001/0313.jpg,mitsubishi-l200
dataset/001/0315.jpg,mitsubishi-l200
dataset/001/0316.jpg,mitsubishi-l200
dataset/001/0318.jpg,mitsubishi-l200
dataset/001/0319.jpg,mitsubishi-l200
dataset/001/0321.jpg,mitsubishi-l200
dataset/001/0322.jpg,mitsubishi-l200
dataset/001/0324.jpg,mitsubishi-l200
dataset/001/0325.jpg,mitsubishi-l200
dataset/001/0327.jpg,mitsubishi-l200
dataset/001/0328.jpg,mitsubishi-l200
dataset/001/0330.jpg,mitsubishi-l200
dataset/001/0331.jpg,mitsubishi-l200
dataset/001/0333.jpg,mitsubishi-l200
dataset/001/0334.jpg,mitsubishi-l200
dataset/001/0336.jpg,mitsubishi-l200
dataset/001/0337.jpg,mitsubishi-l200
dataset/001/0339.jpg,mitsubishi-l200
dataset/001/0340.jpg,mitsubishi-l200
dataset/001/0342.jpg,mitsubishi-l200
dataset/001/0343.jpg,mitsubishi-l200
dataset/001/0345.jpg,mitsubishi-l200
dataset/001/0346.jpg,mitsubishi-l200
dataset/001/0348.jpg,mitsubishi-l200
dataset/001/0349.jpg,mitsubishi-l200
dataset/001/0351.jpg,mitsubishi-l200
dataset/001/0352.jpg,mitsubishi-l200
dataset/001/0354.jpg,mitsubishi-l200
dataset/001/0355.jpg,mitsubishi-l200
dataset/001/0357.jpg,mitsubishi-l200
dataset/001/0358.jpg,mitsubishi-l200
dataset/002/0000.jpg,opel-astra
dataset/002/0001.jpg,opel-astra
dataset/002/0003.jpg,opel-astra
dataset/002/0004.jpg,opel-astra
dataset/002/0006.jpg,opel-astra
dataset/002/0007.jpg,opel-astra
dataset/002/0009.jpg,opel-astra
dataset/002/0010.jpg,opel-astra
dataset/002/0012.jpg,opel-astra
dataset/002/0013.jpg,opel-astra
dataset/002/0015.jpg,opel-astra
dataset/002/0016.jpg,opel-astra
dataset/002/0018.jpg,opel-astra
dataset/002/0019.jpg,opel-astra
dataset/002/0021.jpg,opel-astra
dataset/002/0022.jpg,opel-astra
dataset/002/0024.jpg,opel-astra
dataset/002/0025.jpg,opel-astra
dataset/002/0027.jpg,opel-astra
dataset/002/0028.jpg,opel-astra
dataset/002/0030.jpg,opel-astra
dataset/002/0031.jpg,opel-astra
dataset/002/0033.jpg,opel-astra
dataset/002/0034.jpg,opel-astra
dataset/002/0036.jpg,opel-astra
dataset/002/0037.jpg,opel-astra
dataset/002/0039.jpg,opel-astra
dataset/002/0040.jpg,opel-astra
dataset/002/0042.jpg,opel-astra
dataset/002/0043.jpg,opel-astra
dataset/002/0045.jpg,opel-astra
dataset/002/0046.jpg,opel-astra
dataset/002/0048.jpg,opel-astra
dataset/002/0049.jpg,opel-astra
dataset/002/0051.jpg,opel-astra
dataset/002/0052.jpg,opel-astra
dataset/002/0054.jpg,opel-astra
dataset/002/0055.jpg,opel-astra
dataset/002/0057.jpg,opel-astra
dataset/002/0058.jpg,opel-astra
dataset/002/0060.jpg,opel-astra
dataset/002/0061.jpg,opel-astra
dataset/002/0063.jpg,opel-astra
dataset/002/0064.jpg,opel-astra
dataset/002/0066.jpg,opel-astra
dataset/002/0067.jpg,opel-astra
dataset/002/0069.jpg,opel-astra
dataset/002/0070.jpg,opel-astra
dataset/002/0072.jpg,opel-astra
dataset/002/0073.jpg,opel-astra
dataset/002/0075.jpg,opel-astra
dataset/002/0076.jpg,opel-astra
dataset/002/0078.jpg,opel-astra
dataset/002/0079.jpg,opel-astra
dataset/002/0081.jpg,opel-astra
dataset/002/0082.jpg,opel-astra
dataset/002/0084.jpg,opel-astra
dataset/002/0085.jpg,opel-astra
dataset/002/0087.jpg,opel-astra
dataset/002/0088.jpg,opel-astra
dataset/002/0090.jpg,opel-astra
dataset/002/0091.jpg,opel-astra
dataset/002/0093.jpg,opel-astra
dataset/002/0094.jpg,opel-astra
dataset/002/0096.jpg,opel-astra
dataset/002/0097.jpg,opel-astra
dataset/002/0099.jpg,opel-astra
dataset/002/0100.jpg,opel-astra
dataset/002/0102.jpg,opel-astra
dataset/002/0103.jpg,opel-astra
dataset/002/0105.jpg,opel-astra
dataset/002/0106.jpg,opel-astra
dataset/002/0108.jpg,opel-astra
dataset/002/0109.jpg,opel-astra
dataset/002/0111.jpg,opel-astra
dataset/002/0112.jpg,opel-astra
dataset/002/0114.jpg,opel-astra
dataset/002/0115.jpg,opel-astra
dataset/002/0117.jpg,opel-astra
dataset/002/0118.jpg,opel-astra
dataset/002/0120.jpg,opel-astra
dataset/002/0121.jpg,opel-astra
dataset/002/0123.jpg,opel-astra
dataset/002/0124.jpg,opel-astra
dataset/002/0126.jpg,opel-astra
dataset/002/0127.jpg,opel-astra
dataset/002/0129.jpg,opel-astra
dataset/002/0130.jpg,opel-astra
dataset/002/0132.jpg,opel-astra
dataset/002/0133.jpg,opel-astra
dataset/002/0135.jpg,opel-astra
dataset/002/0136.jpg,opel-astra
dataset/002/0138.jpg,opel-astra
dataset/002/0139.jpg,opel-astra
dataset/002/0141.jpg,opel-astra
dataset/002/0142.jpg,opel-astra
dataset/002/0144.jpg,opel-astra
dataset/002/0145.jpg,opel-astra
dataset/002/0147.jpg,opel-astra
dataset/002/0148.jpg,opel-astra
dataset/002/0150.jpg,opel-astra
dataset/002/0151.jpg,opel-astra
dataset/002/0153.jpg,opel-astra
dataset/002/0154.jpg,opel-astra
dataset/002/0156.jpg,opel-astra
dataset/002/0157.jpg,opel-astra
dataset/002/0159.jpg,opel-astra
dataset/002/0160.jpg,opel-astra
dataset/002/0162.jpg,opel-astra
dataset/002/0163.jpg,opel-astra
dataset/002/0165.jpg,opel-astra
dataset/002/0166.jpg,opel-astra
dataset/002/0168.jpg,opel-astra
dataset/002/0169.jpg,opel-astra
dataset/002/0171.jpg,opel-astra
dataset/002/0172.jpg,opel-astra
dataset/002/0174.jpg,opel-astra
dataset/002/0175.jpg,opel-astra
dataset/002/0177.jpg,opel-astra
dataset/002/0178.jpg,opel-astra
dataset/002/0180.jpg,opel-astra
dataset/002/0181.jpg,opel-astra
dataset/002/0183.jpg,opel-astra
dataset/002/0184.jpg,opel-astra
dataset/002/0186.jpg,opel-astra
dataset/002/0187.jpg,opel-astra
dataset/002/0189.jpg,opel-astra
dataset/002/0190.jpg,opel-astra
dataset/002/0192.jpg,opel-astra
dataset/002/0193.jpg,opel-astra
dataset/002/0195.jpg,opel-astra
dataset/002/0196.jpg,opel-astra
dataset/002/0198.jpg,opel-astra
dataset/002/0199.jpg,opel-astra
dataset/002/0201.jpg,opel-astra
dataset/002/0202.jpg,opel-astra
dataset/002/0204.jpg,opel-astra
dataset/002/0205.jpg,opel-astra
dataset/002/0207.jpg,opel-astra
dataset/002/0208.jpg,opel-astra
dataset/002/0210.jpg,opel-astra
dataset/002/0211.jpg,opel-astra
dataset/002/0213.jpg,opel-astra
dataset/002/0214.jpg,opel-astra
dataset/002/0216.jpg,opel-astra
dataset/002/0217.jpg,opel-astra
dataset/002/0219.jpg,opel-astra
dataset/002/0220.jpg,opel-astra
dataset/002/0222.jpg,opel-astra
dataset/002/0223.jpg,opel-astra
dataset/002/0225.jpg,opel-astra
dataset/002/0226.jpg,opel-astra
dataset/002/0228.jpg,opel-astra
dataset/002/0229.jpg,opel-astra
dataset/002/0231.jpg,opel-astra
dataset/002/0232.jpg,opel-astra
dataset/002/0234.jpg,opel-astra
dataset/002/0235.jpg,opel-astra
dataset/002/0237.jpg,opel-astra
dataset/002/0238.jpg,opel-astra
dataset/002/0240.jpg,opel-astra
dataset/002/0241.jpg,opel-astra
dataset/002/0243.jpg,opel-astra
dataset/002/0244.jpg,opel-astra
dataset/002/0246.jpg,opel-astra
dataset/002/0247.jpg,opel-astra
dataset/002/0249.jpg,opel-astra
dataset/002/0250.jpg,opel-astra
dataset/002/0252.jpg,opel-astra
dataset/002/0253.jpg,opel-astra
dataset/002/0255.jpg,opel-astra
dataset/002/0256.jpg,opel-astra
dataset/002/0258.jpg,opel-astra
dataset/002/0259.jpg,opel-astra
dataset/002/0261.jpg,opel-astra
dataset/002/0262.jpg,opel-astra
dataset/002/0264.jpg,opel-astra
dataset/002/0265.jpg,opel-astra
dataset/002/0267.jpg,opel-astra
dataset/002/0268.jpg,opel-astra
dataset/002/0270.jpg,opel-astra
dataset/002/0271.jpg,opel-astra
dataset/002/0273.jpg,opel-astra
dataset/002/0274.jpg,opel-astra
dataset/002/0276.jpg,opel-astra
dataset/002/0277.jpg,opel-astra
dataset/002/0279.jpg,opel-astra
dataset/002/0280.jpg,opel-astra
dataset/002/0282.jpg,opel-astra
dataset/002/0283.jpg,opel-astra
dataset/002/0285.jpg,opel-astra
dataset/002/0286.jpg,opel-astra
dataset/002/0288.jpg,opel-astra
dataset/002/0289.jpg,opel-astra
dataset/002/0291.jpg,opel-astra
dataset/002/0292.jpg,opel-astra
dataset/002/0294.jpg,opel-astra
dataset/002/0295.jpg,opel-astra
dataset/002/0297.jpg,opel-astra
dataset/002/0298.jpg,opel-astra
dataset/002/0300.jpg,opel-astra
dataset/002/0301.jpg,opel-astra
dataset/002/0303.jpg,opel-astra
dataset/002/0304.jpg,opel-astra
dataset/002/0306.jpg,opel-astra
dataset/002/0307.jpg,opel-astra
dataset/002/0309.jpg,opel-astra
dataset/002/0310.jpg,opel-astra
dataset/002/0312.jpg,opel-astra
dataset/002/0313.jpg,opel-astra
dataset/002/0315.jpg,opel-astra
dataset/002/0316.jpg,opel-astra
dataset/002/0318.jpg,opel-astra
dataset/002/0319.jpg,opel-astra
dataset/002/0321.jpg,opel-astra
dataset/002/0322.jpg,opel-astra
dataset/002/0324.jpg,opel-astra
dataset/002/0325.jpg,opel-astra
dataset/002/0327.jpg,opel-astra
dataset/002/0328.jpg,opel-astra
dataset/002/0330.jpg,opel-astra
dataset/002/0331.jpg,opel-astra
dataset/002/0333.jpg,opel-astra
dataset/002/0334.jpg,opel-astra
dataset/002/0336.jpg,opel-astra
dataset/002/0337.jpg,opel-astra
dataset/002/0339.jpg,opel-astra
dataset/002/0340.jpg,opel-astra
dataset/002/0342.jpg,opel-astra
dataset/002/0343.jpg,opel-astra
dataset/002/0345.jpg,opel-astra
dataset/002/0346.jpg,opel-astra
dataset/002/0348.jpg,opel-astra
dataset/002/0349.jpg,opel-astra
dataset/002/0351.jpg,opel-astra
dataset/002/0352.jpg,opel-astra
dataset/002/0354.jpg,opel-astra
dataset/002/0355.jpg,opel-astra
dataset/002/0357.jpg,opel-astra
dataset/002/0358.jpg,opel-astra
dataset/003/0000.jpg,bmw-3-series
dataset/003/0001.jpg,bmw-3-series
dataset/003/0003.jpg,bmw-3-series
dataset/003/0004.jpg,bmw-3-series
dataset/003/0006.jpg,bmw-3-series
dataset/003/0007.jpg,bmw-3-series
dataset/003/0009.jpg,bmw-3-series
dataset/003/0010.jpg,bmw-3-series
dataset/003/0012.jpg,bmw-3-series
dataset/003/0013.jpg,bmw-3-series
dataset/003/0015.jpg,bmw-3-series
dataset/003/0016.jpg,bmw-3-series
dataset/003/0018.jpg,bmw-3-series
dataset/003/0019.jpg,bmw-3-series
dataset/003/0021.jpg,bmw-3-series
dataset/003/0022.jpg,bmw-3-series
dataset/003/0024.jpg,bmw-3-series
dataset/003/0025.jpg,bmw-3-series
dataset/003/0027.jpg,bmw-3-series
dataset/003/0028.jpg,bmw-3-series
dataset/003/0030.jpg,bmw-3-series
dataset/003/0031.jpg,bmw-3-series
dataset/003/0033.jpg,bmw-3-series
dataset/003/0034.jpg,bmw-3-series
dataset/003/0036.jpg,bmw-3-series
dataset/003/0037.jpg,bmw-3-series
dataset/003/0039.jpg,bmw-3-series
dataset/003/0040.jpg,bmw-3-series
dataset/003/0042.jpg,bmw-3-series
dataset/003/0043.jpg,bmw-3-series
dataset/003/0045.jpg,bmw-3-series
dataset/003/0046.jpg,bmw-3-series
dataset/003/0048.jpg,bmw-3-series
dataset/003/0049.jpg,bmw-3-series
dataset/003/0051.jpg,bmw-3-series
dataset/003/0052.jpg,bmw-3-series
dataset/003/0054.jpg,bmw-3-series
dataset/003/0055.jpg,bmw-3-series
dataset/003/0057.jpg,bmw-3-series
dataset/003/0058.jpg,bmw-3-series
dataset/003/0060.jpg,bmw-3-series
dataset/003/0061.jpg,bmw-3-series
dataset/003/0063.jpg,bmw-3-series
dataset/003/0064.jpg,bmw-3-series
dataset/003/0066.jpg,bmw-3-series
dataset/003/0067.jpg,bmw-3-series
dataset/003/0069.jpg,bmw-3-series
dataset/003/0070.jpg,bmw-3-series
dataset/003/0072.jpg,bmw-3-series
dataset/003/0073.jpg,bmw-3-series
dataset/003/0075.jpg,bmw-3-series
dataset/003/0076.jpg,bmw-3-series
dataset/003/0078.jpg,bmw-3-series
dataset/003/0079.jpg,bmw-3-series
dataset/003/0081.jpg,bmw-3-series
dataset/003/0082.jpg,bmw-3-series
dataset/003/0084.jpg,bmw-3-series
dataset/003/0085.jpg,bmw-3-series
dataset/003/0087.jpg,bmw-3-series
dataset/003/0088.jpg,bmw-3-series
dataset/003/0090.jpg,bmw-3-series
dataset/003/0091.jpg,bmw-3-series
dataset/003/0093.jpg,bmw-3-series
dataset/003/0094.jpg,bmw-3-series
dataset/003/0096.jpg,bmw-3-series
dataset/003/0097.jpg,bmw-3-series
dataset/003/0099.jpg,bmw-3-series
dataset/003/0100.jpg,bmw-3-series
dataset/003/0102.jpg,bmw-3-series
dataset/003/0103.jpg,bmw-3-series
dataset/003/0105.jpg,bmw-3-series
dataset/003/0106.jpg,bmw-3-series
dataset/003/0108.jpg,bmw-3-series
dataset/003/0109.jpg,bmw-3-series
dataset/003/0111.jpg,bmw-3-series
dataset/003/0112.jpg,bmw-3-series
dataset/003/0114.jpg,bmw-3-series
dataset/003/0115.jpg,bmw-3-series
dataset/003/0117.jpg,bmw-3-series
dataset/003/0118.jpg,bmw-3-series
dataset/003/0120.jpg,bmw-3-series
dataset/003/0121.jpg,bmw-3-series
dataset/003/0123.jpg,bmw-3-series
dataset/003/0124.jpg,bmw-3-series
dataset/003/0126.jpg,bmw-3-series
dataset/003/0127.jpg,bmw-3-series
dataset/003/0129.jpg,bmw-3-series
dataset/003/0130.jpg,bmw-3-series
dataset/003/0132.jpg,bmw-3-series
dataset/003/0133.jpg,bmw-3-series
dataset/003/0135.jpg,bmw-3-series
dataset/003/0136.jpg,bmw-3-series
dataset/003/0138.jpg,bmw-3-series
dataset/003/0139.jpg,bmw-3-series
dataset/003/0141.jpg,bmw-3-series
dataset/003/0142.jpg,bmw-3-series
dataset/003/0144.jpg,bmw-3-series
dataset/003/0145.jpg,bmw-3-series
dataset/003/0147.jpg,bmw-3-series
dataset/003/0148.jpg,bmw-3-series
dataset/003/0150.jpg,bmw-3-series
dataset/003/0151.jpg,bmw-3-series
dataset/003/0153.jpg,bmw-3-series
dataset/003/0154.jpg,bmw-3-series
dataset/003/0156.jpg,bmw-3-series
dataset/003/0157.jpg,bmw-3-series
dataset/003/0159.jpg,bmw-3-series
dataset/003/0160.jpg,bmw-3-series
dataset/003/0162.jpg,bmw-3-series
dataset/003/0163.jpg,bmw-3-series
dataset/003/0165.jpg,bmw-3-series
dataset/003/0166.jpg,bmw-3-series
dataset/003/0168.jpg,bmw-3-series
dataset/003/0169.jpg,bmw-3-series
dataset/003/0171.jpg,bmw-3-series
dataset/003/0172.jpg,bmw-3-series
dataset/003/0174.jpg,bmw-3-series
dataset/003/0175.jpg,bmw-3-series
dataset/003/0177.jpg,bmw-3-series
dataset/003/0178.jpg,bmw-3-series
dataset/003/0180.jpg,bmw-3-series
dataset/003/0181.jpg,bmw-3-series
dataset/003/0183.jpg,bmw-3-series
dataset/003/0184.jpg,bmw-3-series
dataset/003/0186.jpg,bmw-3-series
dataset/003/0187.jpg,bmw-3-series
dataset/003/0189.jpg,bmw-3-series
dataset/003/0190.jpg,bmw-3-series
dataset/003/0192.jpg,bmw-3-series
dataset/003/0193.jpg,bmw-3-series
dataset/003/0195.jpg,bmw-3-series
dataset/003/0196.jpg,bmw-3-series
dataset/003/0198.jpg,bmw-3-series
dataset/003/0199.jpg,bmw-3-series
dataset/003/0201.jpg,bmw-3-series
dataset/003/0202.jpg,bmw-3-series
dataset/003/0204.jpg,bmw-3-series
dataset/003/0205.jpg,bmw-3-series
dataset/003/0207.jpg,bmw-3-series
dataset/003/0208.jpg,bmw-3-series
dataset/003/0210.jpg,bmw-3-series
dataset/003/0211.jpg,bmw-3-series
dataset/003/0213.jpg,bmw-3-series
dataset/003/0214.jpg,bmw-3-series
dataset/003/0216.jpg,bmw-3-series
dataset/003/0217.jpg,bmw-3-series
dataset/003/0219.jpg,bmw-3-series
dataset/003/0220.jpg,bmw-3-series
dataset/003/0222.jpg,bmw-3-series
dataset/003/0223.jpg,bmw-3-series
dataset/003/0225.jpg,bmw-3-series
dataset/003/0226.jpg,bmw-3-series
dataset/003/0228.jpg,bmw-3-series
dataset/003/0229.jpg,bmw-3-series
dataset/003/0231.jpg,bmw-3-series
dataset/003/0232.jpg,bmw-3-series
dataset/003/0234.jpg,bmw-3-series
dataset/003/0235.jpg,bmw-3-series
dataset/003/0237.jpg,bmw-3-series
dataset/003/0238.jpg,bmw-3-series
dataset/003/0240.jpg,bmw-3-series
dataset/003/0241.jpg,bmw-3-series
dataset/003/0243.jpg,bmw-3-series
dataset/003/0244.jpg,bmw-3-series
dataset/003/0246.jpg,bmw-3-series
dataset/003/0247.jpg,bmw-3-series
dataset/003/0249.jpg,bmw-3-series
dataset/003/0250.jpg,bmw-3-series
dataset/003/0252.jpg,bmw-3-series
dataset/003/0253.jpg,bmw-3-series
dataset/003/0255.jpg,bmw-3-series
dataset/003/0256.jpg,bmw-3-series
dataset/003/0258.jpg,bmw-3-series
dataset/003/0259.jpg,bmw-3-series
dataset/003/0261.jpg,bmw-3-series
dataset/003/0262.jpg,bmw-3-series
dataset/003/0264.jpg,bmw-3-series
dataset/003/0265.jpg,bmw-3-series
dataset/003/0267.jpg,bmw-3-series
dataset/003/0268.jpg,bmw-3-series
dataset/003/0270.jpg,bmw-3-series
dataset/003/0271.jpg,bmw-3-series
dataset/003/0273.jpg,bmw-3-series
dataset/003/0274.jpg,bmw-3-series
dataset/003/0276.jpg,bmw-3-series
dataset/003/0277.jpg,bmw-3-series
dataset/003/0279.jpg,bmw-3-series
dataset/003/0280.jpg,bmw-3-series
dataset/003/0282.jpg,bmw-3-series
dataset/003/0283.jpg,bmw-3-series
dataset/003/0285.jpg,bmw-3-series
dataset/003/0286.jpg,bmw-3-series
dataset/003/0288.jpg,bmw-3-series
dataset/003/0289.jpg,bmw-3-series
dataset/003/0291.jpg,bmw-3-series
dataset/003/0292.jpg,bmw-3-series
dataset/003/0294.jpg,bmw-3-series
dataset/003/0295.jpg,bmw-3-series
dataset/003/0297.jpg,bmw-3-series
dataset/003/0298.jpg,bmw-3-series
dataset/003/0300.jpg,bmw-3-series
dataset/003/0301.jpg,bmw-3-series
dataset/003/0303.jpg,bmw-3-series
dataset/003/0304.jpg,bmw-3-series
dataset/003/0306.jpg,bmw-3-series
dataset/003/0307.jpg,bmw-3-series
dataset/003/0309.jpg,bmw-3-series
dataset/003/0310.jpg,bmw-3-series
dataset/003/0312.jpg,bmw-3-series
dataset/003/0313.jpg,bmw-3-series
dataset/003/0315.jpg,bmw-3-series
dataset/003/0316.jpg,bmw-3-series
dataset/003/0318.jpg,bmw-3-series
dataset/003/0319.jpg,bmw-3-series
dataset/003/0321.jpg,bmw-3-series
dataset/003/0322.jpg,bmw-3-series
dataset/003/0324.jpg,bmw-3-series
dataset/003/0325.jpg,bmw-3-series
dataset/003/0327.jpg,bmw-3-series
dataset/003/0328.jpg,bmw-3-series
dataset/003/0330.jpg,bmw-3-series
dataset/003/0331.jpg,bmw-3-series
dataset/003/0333.jpg,bmw-3-series
dataset/003/0334.jpg,bmw-3-series
dataset/003/0336.jpg,bmw-3-series
dataset/003/0337.jpg,bmw-3-series
dataset/003/0339.jpg,bmw-3-series
dataset/003/0340.jpg,bmw-3-series
dataset/003/0342.jpg,bmw-3-series
dataset/003/0343.jpg,bmw-3-series
dataset/003/0345.jpg,bmw-3-series
dataset/003/0346.jpg,bmw-3-series
dataset/003/0348.jpg,bmw-3-series
dataset/003/0349.jpg,bmw-3-series
dataset/003/0351.jpg,bmw-3-series
dataset/003/0352.jpg,bmw-3-series
dataset/003/0354.jpg,bmw-3-series
dataset/003/0355.jpg,bmw-3-series
dataset/003/0357.jpg,bmw-3-series
dataset/003/0358.jpg,bmw-3-series
dataset/004/0000.jpg,toyota-c-hr
dataset/004/0001.jpg,toyota-c-hr
dataset/004/0003.jpg,toyota-c-hr
dataset/004/0004.jpg,toyota-c-hr
dataset/004/0006.jpg,toyota-c-hr
dataset/004/0007.jpg,toyota-c-hr
dataset/004/0009.jpg,toyota-c-hr
dataset/004/0010.jpg,toyota-c-hr
dataset/004/0012.jpg,toyota-c-hr
dataset/004/0013.jpg,toyota-c-hr
dataset/004/0015.jpg,toyota-c-hr
dataset/004/0016.jpg,toyota-c-hr
dataset/004/0018.jpg,toyota-c-hr
dataset/004/0019.jpg,toyota-c-hr
dataset/004/0021.jpg,toyota-c-hr
dataset/004/0022.jpg,toyota-c-hr
dataset/004/0024.jpg,toyota-c-hr
dataset/004/0025.jpg,toyota-c-hr
dataset/004/0027.jpg,toyota-c-hr
dataset/004/0028.jpg,toyota-c-hr
dataset/004/0030.jpg,toyota-c-hr
dataset/004/0031.jpg,toyota-c-hr
dataset/004/0033.jpg,toyota-c-hr
dataset/004/0034.jpg,toyota-c-hr
dataset/004/0036.jpg,toyota-c-hr
dataset/004/0037.jpg,toyota-c-hr
dataset/004/0039.jpg,toyota-c-hr
dataset/004/0040.jpg,toyota-c-hr
dataset/004/0042.jpg,toyota-c-hr
dataset/004/0043.jpg,toyota-c-hr
dataset/004/0045.jpg,toyota-c-hr
dataset/004/0046.jpg,toyota-c-hr
dataset/004/0048.jpg,toyota-c-hr
dataset/004/0049.jpg,toyota-c-hr
dataset/004/0051.jpg,toyota-c-hr
dataset/004/0052.jpg,toyota-c-hr
dataset/004/0054.jpg,toyota-c-hr
dataset/004/0055.jpg,toyota-c-hr
dataset/004/0057.jpg,toyota-c-hr
dataset/004/0058.jpg,toyota-c-hr
dataset/004/0060.jpg,toyota-c-hr
dataset/004/0061.jpg,toyota-c-hr
dataset/004/0063.jpg,toyota-c-hr
dataset/004/0064.jpg,toyota-c-hr
dataset/004/0066.jpg,toyota-c-hr
dataset/004/0067.jpg,toyota-c-hr
dataset/004/0069.jpg,toyota-c-hr
dataset/004/0070.jpg,toyota-c-hr
dataset/004/0072.jpg,toyota-c-hr
dataset/004/0073.jpg,toyota-c-hr
dataset/004/0075.jpg,toyota-c-hr
dataset/004/0076.jpg,toyota-c-hr
dataset/004/0078.jpg,toyota-c-hr
dataset/004/0079.jpg,toyota-c-hr
dataset/004/0081.jpg,toyota-c-hr
dataset/004/0082.jpg,toyota-c-hr
dataset/004/0084.jpg,toyota-c-hr
dataset/004/0085.jpg,toyota-c-hr
dataset/004/0087.jpg,toyota-c-hr
dataset/004/0088.jpg,toyota-c-hr
dataset/004/0090.jpg,toyota-c-hr
dataset/004/0091.jpg,toyota-c-hr
dataset/004/0093.jpg,toyota-c-hr
dataset/004/0094.jpg,toyota-c-hr
dataset/004/0096.jpg,toyota-c-hr
dataset/004/0097.jpg,toyota-c-hr
dataset/004/0099.jpg,toyota-c-hr
dataset/004/0100.jpg,toyota-c-hr
dataset/004/0102.jpg,toyota-c-hr
dataset/004/0103.jpg,toyota-c-hr
dataset/004/0105.jpg,toyota-c-hr
dataset/004/0106.jpg,toyota-c-hr
dataset/004/0108.jpg,toyota-c-hr
dataset/004/0109.jpg,toyota-c-hr
dataset/004/0111.jpg,toyota-c-hr
dataset/004/0112.jpg,toyota-c-hr
dataset/004/0114.jpg,toyota-c-hr
dataset/004/0115.jpg,toyota-c-hr
dataset/004/0117.jpg,toyota-c-hr
dataset/004/0118.jpg,toyota-c-hr
dataset/004/0120.jpg,toyota-c-hr
dataset/004/0121.jpg,toyota-c-hr
dataset/004/0123.jpg,toyota-c-hr
dataset/004/0124.jpg,toyota-c-hr
dataset/004/0126.jpg,toyota-c-hr
dataset/004/0127.jpg,toyota-c-hr
dataset/004/0129.jpg,toyota-c-hr
dataset/004/0130.jpg,toyota-c-hr
dataset/004/0132.jpg,toyota-c-hr
dataset/004/0133.jpg,toyota-c-hr
dataset/004/0135.jpg,toyota-c-hr
dataset/004/0136.jpg,toyota-c-hr
dataset/004/0138.jpg,toyota-c-hr
dataset/004/0139.jpg,toyota-c-hr
dataset/004/0141.jpg,toyota-c-hr
dataset/004/0142.jpg,toyota-c-hr
dataset/004/0144.jpg,toyota-c-hr
dataset/004/0145.jpg,toyota-c-hr
dataset/004/0147.jpg,toyota-c-hr
dataset/004/0148.jpg,toyota-c-hr
dataset/004/0150.jpg,toyota-c-hr
dataset/004/0151.jpg,toyota-c-hr
dataset/004/0153.jpg,toyota-c-hr
dataset/004/0154.jpg,toyota-c-hr
dataset/004/0156.jpg,toyota-c-hr
dataset/004/0157.jpg,toyota-c-hr
dataset/004/0159.jpg,toyota-c-hr
dataset/004/0160.jpg,toyota-c-hr
dataset/004/0162.jpg,toyota-c-hr
dataset/004/0163.jpg,toyota-c-hr
dataset/004/0165.jpg,toyota-c-hr
dataset/004/0166.jpg,toyota-c-hr
dataset/004/0168.jpg,toyota-c-hr
dataset/004/0169.jpg,toyota-c-hr
dataset/004/0171.jpg,toyota-c-hr
dataset/004/0172.jpg,toyota-c-hr
dataset/004/0174.jpg,toyota-c-hr
dataset/004/0175.jpg,toyota-c-hr
dataset/004/0177.jpg,toyota-c-hr
dataset/004/0178.jpg,toyota-c-hr
dataset/004/0180.jpg,toyota-c-hr
dataset/004/0181.jpg,toyota-c-hr
dataset/004/0183.jpg,toyota-c-hr
dataset/004/0184.jpg,toyota-c-hr
dataset/004/0186.jpg,toyota-c-hr
dataset/004/0187.jpg,toyota-c-hr
dataset/004/0189.jpg,toyota-c-hr
dataset/004/0190.jpg,toyota-c-hr
dataset/004/0192.jpg,toyota-c-hr
dataset/004/0193.jpg,toyota-c-hr
dataset/004/0195.jpg,toyota-c-hr
dataset/004/0196.jpg,toyota-c-hr
dataset/004/0198.jpg,toyota-c-hr
dataset/004/0199.jpg,toyota-c-hr
dataset/004/0201.jpg,toyota-c-hr
dataset/004/0202.jpg,toyota-c-hr
dataset/004/0204.jpg,toyota-c-hr
dataset/004/0205.jpg,toyota-c-hr
dataset/004/0207.jpg,toyota-c-hr
dataset/004/0208.jpg,toyota-c-hr
dataset/004/0210.jpg,toyota-c-hr
dataset/004/0211.jpg,toyota-c-hr
dataset/004/0213.jpg,toyota-c-hr
dataset/004/0214.jpg,toyota-c-hr
dataset/004/0216.jpg,toyota-c-hr
dataset/004/0217.jpg,toyota-c-hr
dataset/004/0219.jpg,toyota-c-hr
dataset/004/0220.jpg,toyota-c-hr
dataset/004/0222.jpg,toyota-c-hr
dataset/004/0223.jpg,toyota-c-hr
dataset/004/0225.jpg,toyota-c-hr
dataset/004/0226.jpg,toyota-c-hr
dataset/004/0228.jpg,toyota-c-hr
dataset/004/0229.jpg,toyota-c-hr
dataset/004/0231.jpg,toyota-c-hr
dataset/004/0232.jpg,toyota-c-hr
dataset/004/0234.jpg,toyota-c-hr
dataset/004/0235.jpg,toyota-c-hr
dataset/004/0237.jpg,toyota-c-hr
dataset/004/0238.jpg,toyota-c-hr
dataset/004/0240.jpg,toyota-c-hr
dataset/004/0241.jpg,toyota-c-hr
dataset/004/0243.jpg,toyota-c-hr
dataset/004/0244.jpg,toyota-c-hr
dataset/004/0246.jpg,toyota-c-hr
dataset/004/0247.jpg,toyota-c-hr
dataset/004/0249.jpg,toyota-c-hr
dataset/004/0250.jpg,toyota-c-hr
dataset/004/0252.jpg,toyota-c-hr
dataset/004/0253.jpg,toyota-c-hr
dataset/004/0255.jpg,toyota-c-hr
dataset/004/0256.jpg,toyota-c-hr
dataset/004/0258.jpg,toyota-c-hr
dataset/004/0259.jpg,toyota-c-hr
dataset/004/0261.jpg,toyota-c-hr
dataset/004/0262.jpg,toyota-c-hr
dataset/004/0264.jpg,toyota-c-hr
dataset/004/0265.jpg,toyota-c-hr
dataset/004/0267.jpg,toyota-c-hr
dataset/004/0268.jpg,toyota-c-hr
dataset/004/0270.jpg,toyota-c-hr
dataset/004/0271.jpg,toyota-c-hr
dataset/004/0273.jpg,toyota-c-hr
dataset/004/0274.jpg,toyota-c-hr
dataset/004/0276.jpg,toyota-c-hr
dataset/004/0277.jpg,toyota-c-hr
dataset/004/0279.jpg,toyota-c-hr
dataset/004/0280.jpg,toyota-c-hr
dataset/004/0282.jpg,toyota-c-hr
dataset/004/0283.jpg,toyota-c-hr
dataset/004/0285.jpg,toyota-c-hr
dataset/004/0286.jpg,toyota-c-hr
dataset/004/0288.jpg,toyota-c-hr
dataset/004/0289.jpg,toyota-c-hr
dataset/004/0291.jpg,toyota-c-hr
dataset/004/0292.jpg,toyota-c-hr
dataset/004/0294.jpg,toyota-c-hr
dataset/004/0295.jpg,toyota-c-hr
dataset/004/0297.jpg,toyota-c-hr
dataset/004/0298.jpg,toyota-c-hr
dataset/004/0300.jpg,toyota-c-hr
dataset/004/0301.jpg,toyota-c-hr
dataset/004/0303.jpg,toyota-c-hr
dataset/004/0304.jpg,toyota-c-hr
dataset/004/0306.jpg,toyota-c-hr
dataset/004/0307.jpg,toyota-c-hr
dataset/004/0309.jpg,toyota-c-hr
dataset/004/0310.jpg,toyota-c-hr
dataset/004/0312.jpg,toyota-c-hr
dataset/004/0313.jpg,toyota-c-hr
dataset/004/0315.jpg,toyota-c-hr
dataset/004/0316.jpg,toyota-c-hr
dataset/004/0318.jpg,toyota-c-hr
dataset/004/0319.jpg,toyota-c-hr
dataset/004/0321.jpg,toyota-c-hr
dataset/004/0322.jpg,toyota-c-hr
dataset/004/0324.jpg,toyota-c-hr
dataset/004/0325.jpg,toyota-c-hr
dataset/004/0327.jpg,toyota-c-hr
dataset/004/0328.jpg,toyota-c-hr
dataset/004/0330.jpg,toyota-c-hr
dataset/004/0331.jpg,toyota-c-hr
dataset/004/0333.jpg,toyota-c-hr
dataset/004/0334.jpg,toyota-c-hr
dataset/004/0336.jpg,toyota-c-hr
dataset/004/0337.jpg,toyota-c-hr
dataset/004/0339.jpg,toyota-c-hr
dataset/004/0340.jpg,toyota-c-hr
dataset/004/0342.jpg,toyota-c-hr
dataset/004/0343.jpg,toyota-c-hr
dataset/004/0345.jpg,toyota-c-hr
dataset/004/0346.jpg,toyota-c-hr
dataset/004/0348.jpg,toyota-c-hr
dataset/004/0349.jpg,toyota-c-hr
dataset/004/0351.jpg,toyota-c-hr
dataset/004/0352.jpg,toyota-c-hr
dataset/004/0354.jpg,toyota-c-hr
dataset/004/0355.jpg,toyota-c-hr
dataset/004/0357.jpg,toyota-c-hr
dataset/004/0358.jpg,toyota-c-hr
